{"imr gp match":{"GT0355":0.958539514,"GT0356":0.9633061052,"GT0357":0.9629125435,"GT0358":0.9625997585,"GT0371":0.9614421494,"GT0374":0.960527746,"GT0376":0.9610586188,"GT0405":0.9632003518,"GT0406":0.9587011582,"GT0407":0.9708070812,"GT0411":0.949725559,"GT0413":0.9745444432,"GT0414":0.9611307134,"GT0415":0.9605446116,"GT0420":0.9650013974,"GT0422":0.975972653,"GT0424":0.9777062224,"GT0428":0.944492556,"GT0434":0.9563038645,"GT0437":0.9594019817,"GT0448":0.9720494703,"GT0458":0.9624624844,"GT0459":0.9607119741,"GT0460":0.9650668088,"GT0464":0.9442941149,"GT0465":0.906470322,"GT0466":0.9722049114,"GT0468":0.9128134921,"GT0471":0.9709155631,"GT0472":0.9754241074,"GT0475":0.9628668308,"GT0476":0.9536972844,"GT0479":0.9608653199,"GT0480":0.974187634,"GT0543":0.9690000887,"GT0544":0.766949106,"GT0545":0.9547408484,"GT0546":0.9644962229,"GT0547":0.9661275547,"GT0548":0.9616265831,"GT0549":0.9678073654,"GT0551":0.9732760692,"GT0554":0.974532803,"GT0555":0.9481812239,"GT0558":0.957930964,"GT0564":0.9481791447,"GT0567":0.9546632381,"GT0568":0.9343077628,"GT0574":0.9709017668,"GT0577":0.9382979724,"GT0579":0.9662118874,"GT0580":0.9649110041,"GT0583":0.9561214081,"GT0588":0.9669943353,"GT0596":0.9548029289,"GT0598":0.9615843594,"GT0599":0.9608523138,"GT0600":0.9664325136,"GT0604":0.9580705406,"GT0617":0.9613186441,"GT0628":0.9216546499,"GT0640":0.9432888389,"GT0641":0.9460375962,"GT0642":0.9114337517,"GT0643":0.9506832666,"GT0644":0.9598316808,"GT0656":0.9479943814,"GT0669":0.881893213,"GT0670":0.9694344887,"GT0672":0.9553467027,"GT0673":0.9566019592,"GT0674":0.9359949016,"GT0676":0.9686019942,"GT0677":0.9700285696,"GT0678":0.9385383874,"GT0679":0.9182722314,"GT0681":0.9543731999,"GT0683":0.9289221839,"GT0696":0.95374037,"GT0697":0.9472795674,"GT0702":0.8818458991,"GT0707":0.9570228414,"GT0708":0.92122795,"GT0717":0.9656658964,"GT0728":0.970468286,"GT0729":0.9433279293,"GT0730":0.9594261824,"GT0732":0.9261471717,"GT0733":0.9040072941,"GT0745":0.754613303,"GT0798":0.9624741589,"GT0803":0.9621136319,"GT0805":0.959316563,"GT0807":0.9646739758,"GT0818":0.9391243571,"GT0834":0.828483117,"GT0835":0.9183527862,"GT0836":0.9535856179,"GT0837":0.9212950152,"GT0838":0.946049148,"GT0839":0.948335808,"GT0840":0.9298785962,"GT0841":0.9211664513,"GT0842":0.9295778391,"GT0843":0.9392761506,"GT0844":0.9541165744,"GT0845":0.9282988344,"GT0846":0.919630596,"GT0856":0.9672542326,"GT0857":0.9579812262,"GT0859":0.96645454,"GT0872":0.9528292326,"GT0873":0.9485573079,"GT0874":0.9248602313,"GT0879":0.8758200485,"GT0880":0.9180993235,"GT0882":0.8659736483,"GT0886":0.79676836,"GT0888":0.9169144037,"GT0898":0.9638332633,"GT0900":0.9632391112,"GT0906":0.9366801502},"nr gp match":{"GT0355":0.9945309101,"GT0356":0.9974340759,"GT0357":0.9971219371,"GT0358":0.9961569405,"GT0371":0.9881002415,"GT0374":0.9949983477,"GT0376":0.9964862846,"GT0405":0.9962549342,"GT0406":0.9953036505,"GT0407":0.9930320491,"GT0411":0.9948586345,"GT0413":0.9967259238,"GT0414":0.997462968,"GT0415":0.994372916,"GT0420":0.9968210854,"GT0422":0.9935967769,"GT0424":0.9896138178,"GT0428":0.9947674015,"GT0434":0.9965903043,"GT0437":0.9987175808,"GT0448":0.9960199262,"GT0458":0.9947872285,"GT0459":0.9968604738,"GT0460":0.9956320492,"GT0464":0.9967650463,"GT0465":0.9851309068,"GT0466":0.9901113667,"GT0468":0.9961555056,"GT0471":0.9951788588,"GT0472":0.9967303931,"GT0475":0.9969160706,"GT0476":0.9976742172,"GT0479":0.9959214183,"GT0480":0.995850054,"GT0543":0.9937907367,"GT0544":0.9946336939,"GT0545":0.9984224623,"GT0546":0.9968366262,"GT0547":0.9945988151,"GT0548":0.9949122169,"GT0549":0.9937561772,"GT0551":0.995039411,"GT0554":0.9954408663,"GT0555":0.9941142938,"GT0558":0.9958746446,"GT0564":0.9980818131,"GT0567":0.9971368738,"GT0568":0.9988840661,"GT0574":0.9942562436,"GT0577":0.984036392,"GT0579":0.9947759058,"GT0580":0.9928664078,"GT0583":0.9897920368,"GT0588":0.9930625916,"GT0596":0.9933476337,"GT0598":0.9965437278,"GT0599":0.9972191711,"GT0600":0.9949068897,"GT0604":0.9973699185,"GT0617":0.9975589182,"GT0628":0.9969802173,"GT0640":0.9967802749,"GT0641":0.9962256329,"GT0642":0.9986697795,"GT0643":0.9969044326,"GT0644":0.9964198723,"GT0656":0.9840325526,"GT0669":0.9949290929,"GT0670":0.9987991073,"GT0672":0.9963737916,"GT0673":0.9981782443,"GT0674":0.9975484525,"GT0676":0.9946872574,"GT0677":0.9954843893,"GT0678":0.995515795,"GT0679":0.9953965064,"GT0681":0.9964763661,"GT0683":0.9928752823,"GT0696":0.9968738141,"GT0697":0.9955860993,"GT0702":0.9963255105,"GT0707":0.9971901651,"GT0708":0.9969612801,"GT0717":0.996404151,"GT0728":0.9990448265,"GT0729":0.9983763583,"GT0730":0.9922133696,"GT0732":0.9962290521,"GT0733":0.9930226191,"GT0745":0.9841252321,"GT0798":0.9855873786,"GT0803":0.9945245426,"GT0805":0.9944153449,"GT0807":0.9940655921,"GT0818":0.9992333493,"GT0834":0.9995078146,"GT0835":0.997666872,"GT0836":0.997991576,"GT0837":0.9985667527,"GT0838":0.9985906233,"GT0839":0.9978140637,"GT0840":0.9989026674,"GT0841":0.9981795172,"GT0842":0.9986912444,"GT0843":0.9974029553,"GT0844":0.9975505113,"GT0845":0.999023082,"GT0846":0.9983330179,"GT0856":0.9970260525,"GT0857":0.998372463,"GT0859":0.997642938,"GT0872":0.9967358459,"GT0873":0.9957819312,"GT0874":0.9739088537,"GT0879":0.9961277766,"GT0880":0.9963935743,"GT0882":0.9525676642,"GT0886":0.9754894271,"GT0888":0.9846417917,"GT0898":0.9959814621,"GT0900":0.9947214587,"GT0906":0.9872981589},"imr nr match":{"GT0355":0.9697969701,"GT0356":0.9704664258,"GT0357":0.9701827979,"GT0358":0.9671066065,"GT0371":0.9679648671,"GT0374":0.9673184298,"GT0376":0.9696151342,"GT0405":0.9681234552,"GT0406":0.9603066346,"GT0407":0.9778384197,"GT0411":0.9567206282,"GT0413":0.978771103,"GT0414":0.9623077426,"GT0415":0.9684513785,"GT0420":0.9664469865,"GT0422":0.9795262368,"GT0424":0.9815581735,"GT0428":0.945889921,"GT0434":0.9537555498,"GT0437":0.9661794488,"GT0448":0.9720681341,"GT0458":0.9620719196,"GT0459":0.9582575138,"GT0460":0.963030513,"GT0464":0.9384051385,"GT0465":0.9120914981,"GT0466":0.9767144938,"GT0468":0.9070540013,"GT0471":0.971213505,"GT0472":0.976087149,"GT0475":0.9676486636,"GT0476":0.9602100557,"GT0479":0.9645263841,"GT0480":0.9751541747,"GT0543":0.9758865307,"GT0544":0.7514921091,"GT0545":0.9607678299,"GT0546":0.9686288065,"GT0547":0.9705701222,"GT0548":0.9644081156,"GT0549":0.9718642234,"GT0551":0.9737630587,"GT0554":0.9765281181,"GT0555":0.9479276686,"GT0558":0.9593872484,"GT0564":0.9555705929,"GT0567":0.9594762067,"GT0568":0.9402907836,"GT0574":0.9719508978,"GT0577":0.9462278488,"GT0579":0.9706946235,"GT0580":0.9648182201,"GT0583":0.9662424043,"GT0588":0.9736796033,"GT0596":0.9584743468,"GT0598":0.9689219912,"GT0599":0.9661704739,"GT0600":0.9679714547,"GT0604":0.9628287695,"GT0617":0.9669040479,"GT0628":0.9149988521,"GT0640":0.9373058836,"GT0641":0.9471498221,"GT0642":0.9216820844,"GT0643":0.9468440403,"GT0644":0.9604924229,"GT0656":0.9549024972,"GT0669":0.8812471306,"GT0670":0.9707311558,"GT0672":0.9558746481,"GT0673":0.9573313786,"GT0674":0.9375434783,"GT0676":0.9728892215,"GT0677":0.9725362798,"GT0678":0.9337999765,"GT0679":0.9143814614,"GT0681":0.9577228556,"GT0683":0.9477816135,"GT0696":0.9550346722,"GT0697":0.9423848468,"GT0702":0.8822624491,"GT0707":0.9602293732,"GT0708":0.9178871609,"GT0717":0.968255819,"GT0728":0.9697251768,"GT0729":0.9426956285,"GT0730":0.9661823966,"GT0732":0.9267717817,"GT0733":0.904917928,"GT0745":0.7322314865,"GT0798":0.9656615093,"GT0803":0.9703310691,"GT0805":0.9574946322,"GT0807":0.9680299484,"GT0818":0.9431012273,"GT0834":0.8404127333,"GT0835":0.9309457878,"GT0836":0.9604064726,"GT0837":0.9293958565,"GT0838":0.9520814875,"GT0839":0.9557581881,"GT0840":0.9381378179,"GT0841":0.9334192944,"GT0842":0.9382123015,"GT0843":0.9501232687,"GT0844":0.963221452,"GT0845":0.9355567334,"GT0846":0.9291401257,"GT0856":0.9702023005,"GT0857":0.963563678,"GT0859":0.9712049813,"GT0872":0.9532165723,"GT0873":0.9565509019,"GT0874":0.9573747001,"GT0879":0.8864446994,"GT0880":0.9075391606,"GT0882":0.9353768969,"GT0886":0.8286665497,"GT0888":0.9338587361,