{"imr gp match out":{"GT0355":0.9645260213,"GT0356":0.9667595749,"GT0357":0.9570944163,"GT0358":0.9632136339,"GT0371":0.9613190756,"GT0374":0.9632517019,"GT0376":0.9642379286,"GT0405":0.9566036658,"GT0406":0.9466875378,"GT0407":0.9672521373,"GT0411":0.9345856621,"GT0413":0.9687779871,"GT0414":0.9677626016,"GT0415":0.9752784317,"GT0420":0.9694283544,"GT0422":0.9754708491,"GT0424":0.9520335618,"GT0428":0.9215397186,"GT0434":0.9579595362,"GT0437":0.8982444569,"GT0448":0.9708249716,"GT0458":0.9577691327,"GT0459":0.9442677658,"GT0460":0.909901652,"GT0464":0.9399178303,"GT0465":0.9670823653,"GT0466":0.9146530658,"GT0468":0.9214455953,"GT0471":0.9712382768,"GT0472":0.9639232725,"GT0475":0.8887463967,"GT0476":0.92791518,"GT0479":0.9622001609,"GT0480":0.9810354549,"GT0543":0.9291693298,"GT0544":0.9441583779,"GT0545":0.9537087847,"GT0546":0.9667592146,"GT0547":0.9697833483,"GT0548":0.9667049868,"GT0549":0.9661884965,"GT0551":0.9618586226,"GT0554":0.9785187506,"GT0555":0.9627418695,"GT0558":0.9625672406,"GT0564":0.9478393959,"GT0567":0.9517625729,"GT0568":0.9466343785,"GT0574":0.975119527,"GT0577":0.9383508813,"GT0579":0.97055318,"GT0580":0.9651452533,"GT0583":0.9745974933,"GT0588":0.9440445791,"GT0596":0.9109541084,"GT0598":0.972136163,"GT0599":0.944489521,"GT0600":0.9549333976,"GT0604":0.9604238539,"GT0617":0.9612047023,"GT0628":0.9219279793,"GT0640":0.9448227508,"GT0641":0.9542941104,"GT0642":0.9105446994,"GT0643":0.9624820915,"GT0644":0.9530205294,"GT0656":0.9635345914,"GT0669":0.9169570282,"GT0670":0.9677935395,"GT0672":0.9590627033,"GT0673":0.9511907695,"GT0674":0.9197136033,"GT0676":0.9124619985,"GT0677":0.9753599778,"GT0678":0.9679669089,"GT0679":0.9217776799,"GT0681":0.9306407349,"GT0683":0.9747658934,"GT0696":0.954890569,"GT0697":0.9365049214,"GT0702":0.9235518976,"GT0707":0.9448434288,"GT0708":0.9242208015,"GT0717":0.9650733414,"GT0728":0.9694522619,"GT0729":0.9474272375,"GT0730":0.952634961,"GT0732":0.9211475481,"GT0733":0.8002395349,"GT0745":0.9473854517,"GT0798":0.9453904139,"GT0803":0.9652003322,"GT0805":0.9642746294,"GT0807":0.9597049248,"GT0818":0.9507213513,"GT0834":0.9037403163,"GT0835":0.9553974089,"GT0836":0.7364213989,"GT0837":0.93159282,"GT0838":0.9288967693,"GT0839":0.7647240702,"GT0840":0.9203462766,"GT0841":0.9218359939,"GT0842":0.9397907648,"GT0843":0.9408833182,"GT0844":0.9189523991,"GT0845":0.8916218513,"GT0846":0.9324935559,"GT0856":0.6749107747,"GT0857":0.9652720337,"GT0859":0.9656458346,"GT0872":0.9326004978,"GT0873":0.9509771362,"GT0874":0.9357804169,"GT0879":0.9191148101,"GT0880":0.8913571351,"GT0882":0.678837481,"GT0886":0.9373879476,"GT0888":0.8393878562,"GT0898":0.9312695017,"GT0900":0.9664467452,"GT0906":0.9437190628},"seo gp match out":{"GT0355":0.9858502038,"GT0356":0.9736591029,"GT0357":0.973170002,"GT0358":0.9671123225,"GT0371":0.9802838491,"GT0374":0.981943222,"GT0376":0.9792020781,"GT0405":0.9654033037,"GT0406":0.9769414928,"GT0407":0.9793999307,"GT0411":0.9868713167,"GT0413":0.9864794806,"GT0414":0.9780071575,"GT0415":0.9754634622,"GT0420":0.9707964064,"GT0422":0.9791186391,"GT0424":0.9745703613,"GT0428":0.9436995226,"GT0434":0.955992998,"GT0437":0.9856058816,"GT0448":0.9887814234,"GT0458":0.9813081509,"GT0459":0.9562463653,"GT0460":0.927878248,"GT0464":0.9174042285,"GT0465":0.9603805767,"GT0466":0.9642019994,"GT0468":0.938363959,"GT0471":0.9922602201,"GT0472":0.9707785549,"GT0475":0.9121333074,"GT0476":0.8528015228,"GT0479":0.9887770337,"GT0480":0.9899129983,"GT0543":0.9520350592,"GT0544":0.6868523517,"GT0545":0.9646830149,"GT0546":0.9774011744,"GT0547":0.9809307857,"GT0548":0.9908639997,"GT0549":0.9868654783,"GT0551":0.9832612784,"GT0554":0.9853874721,"GT0555":0.9636670071,"GT0558":0.9836917258,"GT0564":0.9577426225,"GT0567":0.9652420839,"GT0568":0.9931660871,"GT0574":0.9708392335,"GT0577":0.9953166769,"GT0579":0.9891851489,"GT0580":0.9821538347,"GT0583":0.9872067634,"GT0588":0.981982479,"GT0596":0.93087704,"GT0598":0.962742456,"GT0599":0.9586397431,"GT0600":0.9721494351,"GT0604":0.994072686,"GT0617":0.9811325208,"GT0628":0.9483286197,"GT0640":0.9548752969,"GT0641":0.9076688103,"GT0642":0.9729691153,"GT0643":0.9722192115,"GT0644":0.9488376679,"GT0656":0.9824513409,"GT0669":0.957061692,"GT0670":0.9552194757,"GT0672":0.9297982419,"GT0673":0.9806400796,"GT0674":0.9830403598,"GT0676":0.8740436964,"GT0677":0.9827826314,"GT0678":0.937857219,"GT0679":0.9661620033,"GT0681":0.969168963,"GT0683":0.9903774196,"GT0696":0.9282795133,"GT0697":0.8711748688,"GT0702":0.970912885,"GT0707":0.909629707,"GT0708":0.8399470121,"GT0717":0.9845817007,"GT0728":0.9629987093,"GT0729":0.9747411816,"GT0730":0.9747657896,"GT0732":0.9678440157,"GT0733":0.8314859391,"GT0745":0.9000324184,"GT0798":0.9838334526,"GT0803":0.9471018316,"GT0805":0.9723049639,"GT0807":0.9781068198,"GT0818":0.9938081041,"GT0834":0.6220914574,"GT0835":0.9872811538,"GT0836":0.8006144278,"GT0837":0.986752037,"GT0838":0.9945873346,"GT0839":0.8437968643,"GT0840":0.9924605367,"GT0841":0.990982888,"GT0842":0.9829621595,"GT0843":0.9807454783,"GT0844":0.9859132566,"GT0845":0.9813536593,"GT0846":0.9825029835,"GT0856":0.7164958006,"GT0857":0.9637913492,"GT0859":0.9675843467,"GT0872":0.9358558853,"GT0873":0.8994996948,"GT0874":0.9060944158,"GT0879":0.9445742914,"GT0880":0.8880195147,"GT0882":0.5573267661,"GT0886":0.9120324401,"GT0888":0.9423423418,"GT0898":0.9335576497,"GT0900":0.9853037606,"GT0906":0.9931630557},"nr gp match out":{"GT0355":0.9971110905,"GT0356":0.9963156752,"GT0357":0.9890121218,"GT0358":0.9825374112,"GT0371":0.9970144299,"GT0374":0.992421639,"GT0376":0.9958218976,"GT0405":0.9883456224,"GT0406":0.9851755975,"GT0407":0.9829653543,"GT0411":0.9848414173,"GT0413":0.9868238541,"GT0414":0.9956639605,"GT0415":0.9870882195,"GT0420":0.9972495323,"GT0422":0.9924440799,"GT0424":0.9740211486,"GT0428":0.9825673834,"GT0434":0.9653524749,"GT0437":0.9605152446,"GT0448":0.9968660146,"GT0458":0.9845499878,"GT0459":0.9714598665,"GT0460":0.9456467814,"GT0464":0.9799769625,"GT0465":0.885736106,"GT0466":0.9113488489,"GT0468":0.9748460518,"GT0471":0.991020467,"GT0472":0.9876826386,"GT0475":0.9234522259,"GT0476":0.9091917457,"GT0479":0.9482308098,"GT0480":0.9929329135,"GT0543":0.9555705555,"GT0544":0.8602868331,"GT0545":0.9723067189,"GT0546":0.9957848816,"GT0547":0.9931587442,"GT0548":0.9908727039,"GT0549":0.9916837914,"GT0551":0.9920015712,"GT0554":0.9940034153,"GT0555":0.9681937505,"GT0558":0.9880557279,"GT0564":0.9730907396,"GT0567":0.9691620613,"GT0568":0.9977336552,"GT0574":0.995527534,"GT0577":0.9982517055,"GT0579":0.9970534924,"GT0580":0.9855649996,"GT0583":0.9879912197,"GT0588":0.984367238,"GT0596":0.9511060294,"GT0598":0.9674880957,"GT0599":0.9505831451,"GT0600":0.973165087,"GT0604":0.994877535,"GT0617":0.9949340876,"GT0628":0.9519451711,"GT0640":0.9482707326,"GT0641":0.9683147729,"GT0642":0.9866312202,"GT0643":0.955135688,"GT0644":0.9825315764,"GT0656":0.9914459285,"GT0669":0.9570961259,"GT0670":0.9955786695,"GT0672":0.9894287325,"GT0673":0.9929771782,"GT0674":0.9900618168,"GT0676":0.8878046211,"GT0677":0.9891829446,"GT0678":0.9577442977,"GT0679":0.974598126,"GT0681":0.9734119451,"GT0683":0.9531558295,"GT0696":0.9778951003,"GT0697":0.9650841888,"GT0702":0.962328809,"GT0707":0.9798792638,"GT0708":0.975023197,"GT0717":0.9919996003,"GT0728":0.9983607412,"GT0729":0.9982575151,"GT0730":0.9947757905,"GT0732":0.9759662533,"GT0733":0.9011437225,"GT0745":0.75614585,"GT0798":0.9859824961,"GT0803":0.9962983709,"GT0805":0.9825023843,"GT0807":0.9922087814,"GT0818":0.9943955696,"GT0834":0.9263201577,"GT0835":0.979745985,"GT0836":0.8029220877,"GT0837":0.986267398,"GT0838":0.9761841793,"GT0839":0.8399078534,"GT0840":0.9835663294,"GT0841":0.9908951129,"GT0842":0.9884491856,"GT0843":0.9867171988,"GT0844":0.9703440904,"GT0845":0.9791809766,"GT0846":0.9927254374,"GT0856":0.6989115393,"GT0857":0.9709704943,"GT0859":0.9918803503,"GT0872":0.9186640484,"GT0873":0.930085542,"GT0874":0.9568725804,"GT0879":0.9283911446,"GT0880":0.9626503557,"GT0882":0.7670088761,"GT0886":0.8945586081,